area,city,store_code,small_class_code,日期,月份,第几周,节假日,当天是否放假,本次节假日天数,星期,早上天气状态,晚上天气状态,最高气温,最低气温,早晚气温均值,每日温差,早上风向,早上风力,晚上风向,晚上风力,商圈整理修改,上一周总销量,上周每天平均销量,上周每天平均销量(round),上周对应星期销量,上月日平均销量,上月周平均,近一个月平均销量,sales_number
4|华北区,401|北京,BJACL,10101,2018/3/2,3,9,0,0,0,5,晴 ,多云,10,-1,4.5,2,北风,<3级,北风,<3级,O|办公类,17,8.5,9,9,10.925,22,20.19047619,20
4|华北区,401|北京,BJACL,10101,2018/3/5,3,10,0,0,0,1,晴 ,晴,8,-4,2,-2.5,南风,<3级,东南风,<3级,O|办公类,17,8.5,9,21,10.925,16.75,20.19047619,1
4|华北区,401|北京,BJACL,10101,2018/3/6,3,10,0,0,0,2,多云 ,阴,6,-3,1.5,-0.5,东南风,<3级,东南风,<3级,O|办公类,17,8.5,9,15,10.925,0,20.19047619,5
4|华北区,401|北京,BJACL,10101,2018/3/7,3,10,0,0,0,3,阴 ,多云,6,-2,2,0.5,北风,<3级,东北风,<3级,O|办公类,17,8.5,9,7,10.925,31.25,20.19047619,14
4|华北区,401|北京,BJACL,10101,2018/3/8,3,10,0,0,0,4,晴 ,晴,7,-4,1.5,-0.5,南风,<3级,南风,<3级,O|办公类,17,8.5,9,8,10.925,24.5,20.19047619,96
4|华北区,401|北京,BJACL,10101,2018/3/9,3,10,0,0,0,5,多云 ,多云,10,-2,4,2.5,西南风,<3级,东北风,<3级,O|办公类,17,8.5,9,9,10.925,25.25,20.19047619,12
4|华北区,401|北京,BJACL,10101,2018/3/12,3,11,0,0,0,1,多云 ,晴,15,3,9,5,南风,<3级,北风,<3级,O|办公类,71,14.2,14,21,10.925,25.5,20.19047619,33
4|华北区,401|北京,BJACL,10101,2018/3/13,3,11,0,0,0,2,晴 ,多云,17,5,11,2,南风,<3级,东北风,<3级,O|办公类,71,14.2,14,15,10.925,25.5,20.19047619,2
4|华北区,401|北京,BJACL,10101,2018/3/14,3,11,0,0,0,3,多云 ,阴,15,6,10.5,-0.5,东北风,<3级,东北风,3～4级,O|办公类,71,14.2,14,7,10.925,25.5,20.19047619,38
4|华北区,401|北京,BJACL,10101,2018/3/15,3,11,0,0,0,4,多云 ,晴,12,-1,5.5,-5,北风,4～5级,东风,<3级,O|办公类,71,14.2,14,17,10.925,25.5,20.19047619,8
4|华北区,401|北京,BJACL,10101,2018/3/16,3,11,0,0,0,5,多云 ,多云,10,-1,4.5,-1,南风,<3级,南风,<3级,O|办公类,71,14.2,14,11,10.925,57,20.19047619,16
4|华北区,401|北京,BJACL,10101,2018/3/19,3,12,0,0,0,1,多云 ,多云,15,2,8.5,4,东风,<3级,东风,<3级,O|办公类,52,10.4,10,10,10.925,40,20.19047619,0
4|华北区,401|北京,BJACL,10101,2018/3/20,3,12,0,0,0,2,多云 ,多云,10,-2,4,-4.5,西南风,<3级,南风,<3级,O|办公类,52,10.4,10,11,10.925,40,20.19047619,37
4|华北区,401|北京,BJACL,10101,2018/3/21,3,12,0,0,0,3,多云 ,阴,11,1,6,2,南风,<3级,南风,<3级,O|办公类,52,10.4,10,6,10.925,40,20.19047619,3
4|华北区,401|北京,BJACL,10101,2018/3/22,3,12,0,0,0,4,晴 ,多云,17,4,10.5,4.5,南风,<3级,西南风,<3级,O|办公类,52,10.4,10,10,10.925,40,20.19047619,18
4|华北区,401|北京,BJACL,10101,2018/3/23,3,12,0,0,0,5,多云 ,多云,19,5,12,1.5,东北风,<3级,北风,<3级,O|办公类,52,10.4,10,15,10.925,53.5,20.19047619,1
4|华北区,401|北京,BJACL,10101,2018/3/26,3,13,0,0,0,1,多云 ,多云,26,8,17,5,南风,<3级,南风,<3级,O|办公类,53,10.6,11,6,10.925,40,20.19047619,21
4|华北区,401|北京,BJACL,10101,2018/3/27,3,13,0,0,0,2,晴 ,多云,27,11,19,2,南风,<3级,东北风,<3级,O|办公类,53,10.6,11,17,10.925,40,20.19047619,7
4|华北区,401|北京,BJACL,10101,2018/3/28,3,13,0,0,0,3,多云 ,晴,25,9,17,-2,东风,<3级,南风,<3级,O|办公类,53,10.6,11,14,10.925,40,20.19047619,4
4|华北区,401|北京,BJACL,10101,2018/3/29,3,13,0,0,0,4,晴 ,晴,19,7,13,-4,南风,<3级,南风,<3级,O|办公类,53,10.6,11,4,10.925,40,20.19047619,9
4|华北区,401|北京,BJACL,10101,2018/3/30,3,13,0,0,0,5,多云 ,多云,17,8,12.5,-0.5,南风,<3级,南风,<3级,O|办公类,53,10.6,11,12,10.925,53.5,20.19047619,79
4|华北区,401|北京,BJACL,10101,2018/4/2,4,14,0,0,0,1,多云 ,多云,26,11,18.5,6,东北风,<3级,东北风,3～4级,O|办公类,49,9.8,10,21,10.925,40,#REF!,6
4|华北区,401|北京,BJACL,10101,2018/4/3,4,14,0,0,0,2,多云 ,阴,13,4,8.5,-10,东北风,3～4级,东北风,<3级,O|办公类,49,9.8,10,7,10.925,40,19.54545455,36
4|华北区,401|北京,BJACL,10101,2018/4/4,4,14,1,1,0,3,雨夹雪 ,小雪,8,0,4,-4.5,东风,<3级,北风,<3级,O|办公类,49,9.8,10,2,10.925,40,20.27272727,4
4|华北区,401|北京,BJACL,10101,2018/4/8,4,14,0,1,2,7,晴 ,晴,18,5,11.5,7.5,南风,<3级,南风,<3级,O|办公类,49,9.8,10,0,10.925,34.25,20.40909091,58
4|华北区,401|北京,BJACL,10101,2018/4/9,4,15,0,0,0,1,多云 ,多云,20,7,13.5,2,东风,<3级,北风,<3级,O|办公类,47,11.75,12,14,11.25,24.5,22.81818182,7
4|华北区,401|北京,BJACL,10101,2018/4/10,4,15,0,0,0,2,扬沙 ,晴,24,8,16,2.5,西北风,4～5级,北风,<3级,O|办公类,47,11.75,12,7,11.25,31.25,22.5,16
4|华北区,401|北京,BJACL,10101,2018/4/11,4,15,0,0,0,3,晴 ,晴,24,9,16.5,0.5,西南风,3～4级,东北风,<3级,O|办公类,47,11.75,12,16,11.25,31.25,18.86363636,11
4|华北区,401|北京,BJACL,10101,2018/4/12,4,15,0,0,0,4,多云 ,小雨,22,7,14.5,-2,东南风,<3级,北风,<3级,O|办公类,47,11.75,12,0,11.25,73.75,18.81818182,105
4|华北区,401|北京,BJACL,10101,2018/4/13,4,15,0,0,0,5,小雨 ,多云,12,6,9,-5.5,南风,<3级,西北风,<3级,O|办公类,47,11.75,12,0,11.25,43.5,22.09090909,10
4|华北区,401|北京,BJACL,10101,2018/4/16,4,16,0,0,0,1,多云 ,多云,25,11,18,9,南风,<3级,南风,<3级,O|办公类,71,14.2,14,16,10.6375,45.5,22.45454545,26
4|华北区,401|北京,BJACL,10101,2018/4/17,4,16,0,0,0,2,多云 ,晴,25,12,18.5,0.5,南风,<3级,南风,<3级,O|办公类,71,14.2,14,16,10.6375,45.5,21.90909091,7
4|华北区,401|北京,BJACL,10101,2018/4/18,4,16,0,0,0,3,多云 ,多云,27,14,20.5,2,西南风,<3级,西南风,<3级,O|办公类,71,14.2,14,12,10.6375,45.5,21.86363636,47
4|华北区,401|北京,BJACL,10101,2018/4/19,4,16,0,0,0,4,多云 ,多云,26,13,19.5,-1,东南风,4～5级,东南风,3～4级,O|办公类,71,14.2,14,15,10.6375,45.5,23.27272727,5
4|华北区,401|北京,BJACL,10101,2018/4/20,4,16,0,0,0,5,多云 ,小雨,29,14,21.5,2,南风,4～5级,南风,3～4级,O|办公类,71,14.2,14,12,10.6375,55.5,23.5,19
4|华北区,401|北京,BJACL,10101,2018/4/23,4,17,0,0,0,1,多云 ,多云,19,9,14,-7.5,东北风,3～4级,北风,3～4级,O|办公类,45,9,9,10,11.5875,49.5,22.68181818,1
4|华北区,401|北京,BJACL,10101,2018/4/24,4,17,0,0,0,2,多云 ,多云,23,10,16.5,2.5,北风,3～4级,西南风,<3级,O|办公类,45,9,9,7,11.5875,49.5,22.59090909,21
4|华北区,401|北京,BJACL,10101,2018/4/25,4,17,0,0,0,3,多云 ,多云,25,11,18,1.5,南风,3～4级,南风,<3级,O|办公类,45,9,9,10,11.5875,49.5,22.72727273,4
4|华北区,401|北京,BJACL,10101,2018/4/26,4,17,0,0,0,4,晴 ,晴,26,12,19,1,西北风,<3级,东风,3～4级,O|办公类,45,9,9,9,11.5875,49.5,22.86363636,8
4|华北区,401|北京,BJACL,10101,2018/4/27,4,17,0,0,0,5,晴 ,晴,24,12,18,-1,西南偏南风,4,西南偏南风,4,O|办公类,45,9,9,9,11.5875,50.25,22.27272727,8
4|华北区,401|北京,BJACL,10101,2018/4/28,4,17,0,0,0,6,晴 ,晴,27,17,22,4,西南风,3～4级,西南风,<3级,O|办公类,45,9,9,0,11.5875,57.75,22.31818182,141
4|华北区,401|北京,BJACL,10101,2018/5/2,5,18,0,0,0,3,多云 ,晴,25,13,19,-3,北风,3～4级,西北风,3～4级,O|办公类,54,9,9,10,11.1875,13.75,28.54545455,15
4|华北区,401|北京,BJACL,10101,2018/5/3,5,18,0,0,0,4,晴 ,晴,24,10,17,-2,南风,3～4级,南风,<3级,O|办公类,54,9,9,5,11.1875,38,28.81818182,30
4|华北区,401|北京,BJACL,10101,2018/5/4,5,18,0,0,0,5,晴 ,多云,27,16,21.5,4.5,西南风,<3级,北风,<3级,O|办公类,54,9,9,9,11.1875,28.25,26.59090909,7
4|华北区,401|北京,BJACL,10101,2018/5/7,5,19,0,0,0,1,晴 ,晴,28,12,20,-1.5,南风,<3级,南风,<3级,O|办公类,28,9.333333333,9,0,10.9875,60.75,26.63636364,36
4|华北区,401|北京,BJACL,10101,2018/5/8,5,19,0,0,0,2,晴 ,晴,27,13,20,0,东南风,3～4级,东南风,<3级,O|办公类,28,9.333333333,9,0,10.9875,30,26.63636364,2
4|华北区,401|北京,BJACL,10101,2018/5/9,5,19,0,0,0,3,晴 ,多云,29,16,22.5,2.5,南风,3～4级,南风,<3级,O|办公类,28,9.333333333,9,8,10.9875,30,26.54545455,3
4|华北区,401|北京,BJACL,10101,2018/5/10,5,19,0,0,0,4,多云 ,多云,26,18,22,-0.5,南风,<3级,西北风,<3级,O|办公类,28,9.333333333,9,14,10.9875,30,24.04545455,2
4|华北区,401|北京,BJACL,10101,2018/5/11,5,19,0,0,0,5,小雨 ,多云,23,15,19,-3,南风,<3级,南风,<3级,O|办公类,28,9.333333333,9,6,10.9875,58.75,23.81818182,27
4|华北区,401|北京,BJACL,10101,2018/5/14,5,20,0,0,0,1,多云 ,多云,34,22,28,9,南风,<3级,南风,<3级,O|办公类,50,10,10,19,10.38333333,57.25,24.31818182,5
4|华北区,401|北京,BJACL,10101,2018/5/15,5,20,0,0,0,2,小雨 ,雷阵雨,30,22,26,-2,东南风,<3级,东南风,<3级,O|办公类,50,10,10,9,10.38333333,99,24.04545455,5
4|华北区,401|北京,BJACL,10101,2018/5/16,5,20,0,0,0,3,多云 ,小雨,30,21,25.5,-0.5,东风,<3级,东风,<3级,O|办公类,50,10,10,5,10.38333333,99,19.5,2
4|华北区,401|北京,BJACL,10101,2018/5/17,5,20,0,0,0,4,小雨 ,多云,25,19,22,-3.5,东北风,<3级,东风,<3级,O|办公类,50,10,10,5,10.38333333,99,19.13636364,258
4|华北区,401|北京,BJACL,10101,2018/5/18,5,20,0,0,0,5,多云 ,晴,28,17,22.5,0.5,南风,<3级,西南风,<3级,O|办公类,50,10,10,12,10.38333333,66.5,29.68181818,8
4|华北区,401|北京,BJACL,10101,2018/5/21,5,21,0,0,0,1,多云 ,小雨,25,17,21,-1.5,南风,<3级,南风,<3级,O|办公类,42,8.4,8,1,9.333333333,31.5,29.72727273,6
4|华北区,401|北京,BJACL,10101,2018/5/22,5,21,0,0,0,2,多云 ,晴,25,15,20,-1,西北风,3～4级,西南风,<3级,O|办公类,42,8.4,8,5,9.333333333,31.5,27.86363636,8
4|华北区,401|北京,BJACL,10101,2018/5/23,5,21,0,0,0,3,晴 ,晴,28,16,22,2,西南风,3～4级,西南风,<3级,O|办公类,42,8.4,8,12,9.333333333,31.5,28,57
4|华北区,401|北京,BJACL,10101,2018/5/24,5,21,0,0,0,4,晴 ,晴,31,17,24,2,南风,3-4级,南风,3-4级,O|办公类,42,8.4,8,16,9.333333333,31.5,29.72727273,3
4|华北区,401|北京,BJACL,10101,2018/5/25,5,21,0,0,0,5,多云 ,多云,32,19,25.5,1.5,西南风,1-2级,西南风,1-2级,O|办公类,42,8.4,8,8,9.333333333,56.25,29.81818182,14
4|华北区,401|北京,BJACL,10101,2018/5/28,5,22,0,0,0,1,晴 ,晴,30,16,23,-2.5,西北风,4～5级,北风,<3级,O|办公类,38,7.6,8,5,9.183333333,39,29.5,9
4|华北区,401|北京,BJACL,10101,2018/5/29,5,22,0,0,0,2,多云 ,多云,31,16,23.5,0.5,北风,3～4级,北风,<3级,O|办公类,38,7.6,8,8,9.183333333,18.5,29.72727273,82
4|华北区,401|北京,BJACL,10101,2018/5/30,5,22,0,0,0,3,晴 ,晴,33,18,25.5,2,东风,<3级,西南风,<3级,O|办公类,38,7.6,8,5,9.183333333,27.75,33.09090909,12
4|华北区,401|北京,BJACL,10101,2018/5/31,5,22,0,0,0,4,晴 ,晴,35,19,27,1.5,西南风,3-4级,西南风,3-4级,O|办公类,38,7.6,8,9,9.183333333,59.5,33.27272727,17
4|华北区,401|北京,BJACL,10101,2018/6/1,6,22,0,0,0,5,晴 ,多云,35,22,28.5,1.5,西南风,<3级,西南风,<3级,O|办公类,38,7.6,8,11,9.183333333,46,27.63636364,4
4|华北区,401|北京,BJACL,10101,2018/6/4,6,23,0,0,0,1,晴 ,晴,35,21,28,-0.5,西南风,4-5级,西南风,4-5级,O|办公类,36,7.2,7,5,8.833333333,27.25,27.13636364,51
4|华北区,401|北京,BJACL,10101,2018/6/5,6,23,0,0,0,2,多云 ,多云,38,25,31.5,3.5,西南风,4-5级,西南风,4-5级,O|办公类,36,7.2,7,9,8.833333333,17.33333333,28.09090909,7
4|华北区,401|北京,BJACL,10101,2018/6/6,6,23,0,0,0,3,多云 ,多云,36,25,30.5,-1,东北风,1-2级,东北风,1-2级,O|办公类,36,7.2,7,10,8.833333333,38.5,28.09090909,34
4|华北区,401|北京,BJACL,10101,2018/6/7,6,23,0,0,0,4,多云 ,多云,33,22,27.5,-3,东风,1-2级,东风,1-2级,O|办公类,36,7.2,7,7,8.833333333,28.5,28,16
4|华北区,401|北京,BJACL,10101,2018/6/8,6,23,0,0,0,5,多云 ,雷阵雨,32,25,28.5,1,西南风,1-2级,西南风,1-2级,O|办公类,36,7.2,7,5,8.833333333,59.25,28.63636364,100
4|华北区,401|北京,BJACL,10101,2018/6/11,6,24,0,0,0,1,多云 ,多云,29,19,24,-4.5,西南风,3-4级,西南风,3-4级,O|办公类,40,8,8,8,8.3,51.25,33.04545455,11
4|华北区,401|北京,BJACL,10101,2018/6/12,6,24,0,0,0,2,雷阵雨 ,雷阵雨,32,19,25.5,1.5,东南风,3～4级,东北风,<3级,O|办公类,40,8,8,7,8.3,51.25,33.45454545,17
4|华北区,401|北京,BJACL,10101,2018/6/13,6,24,0,0,0,3,雷阵雨 ,多云,28,18,23,-2.5,东北风,<3级,西北风,<3级,O|办公类,40,8,8,5,8.3,37.25,33,23
4|华北区,401|北京,BJACL,10101,2018/6/14,6,24,0,0,0,4,多云 ,多云,31,19,25,2,南风,<3级,南风,<3级,O|办公类,40,8,8,11,8.3,14.75,33.81818182,78
4|华北区,401|北京,BJACL,10101,2018/6/15,6,24,0,0,0,5,多云 ,多云,32,20,26,1,东南风,3～4级,东南风,<3级,O|办公类,40,8,8,9,8.3,14.5,37.13636364,13
4|华北区,401|北京,BJACL,10101,2018/6/19,6,25,0,0,0,2,晴 ,晴,33,20,26.5,0.5,东北风,3-4级,东北风,3-4级,O|办公类,55,11,11,7,7.8,16.75,37.63636364,29
4|华北区,401|北京,BJACL,10101,2018/6/20,6,25,0,0,0,3,晴 ,晴,35,21,28,1.5,南风,<3级,南风,<3级,O|办公类,55,11,11,19,7.8,70.25,27.22727273,11
4|华北区,401|北京,BJACL,10101,2018/6/21,6,25,0,0,0,4,多云 ,多云,35,23,29,1,东南风,<3级,东南风,<3级,O|办公类,55,11,11,7,7.8,26.5,27.36363636,101
4|华北区,401|北京,BJACL,10101,2018/6/22,6,25,0,0,0,5,多云 ,多云,30,21,25.5,-3.5,西南风,3～4级,北风,<3级,O|办公类,55,11,11,16,7.8,87.25,31.68181818,6
4|华北区,401|北京,BJACL,10101,2018/6/25,6,26,0,0,0,1,阴 ,雷阵雨,34,24,29,3.5,东南风,1-2级,东南风,1-2级,O|办公类,20,5,5,0,8.45,13.5,31.59090909,33
4|华北区,401|北京,BJACL,10101,2018/6/26,6,26,0,0,0,2,多云 ,晴,36,25,30.5,1.5,西南风,3-4级,西南风,3-4级,O|办公类,20,5,5,3,8.45,13.5,30.5,2
4|华北区,401|北京,BJACL,10101,2018/6/27,6,26,0,0,0,3,多云 ,多云,38,25,31.5,1,东北风,3-4级,东北风,3-4级,O|办公类,20,5,5,10,8.45,13.5,30.45454545,23
4|华北区,401|北京,BJACL,10101,2018/6/28,6,26,0,0,0,4,晴 ,晴,35,24,29.5,-2,北风,3～4级,西南风,<3级,O|办公类,20,5,5,3,8.45,69.75,30.86363636,2
4|华北区,401|北京,BJACL,10101,2018/6/29,6,26,0,0,0,5,晴 ,晴,38,25,31.5,2,东南风,<3级,南风,<3级,O|办公类,20,5,5,4,8.45,53.75,30.54545455,6
4|华北区,401|北京,BJACL,10101,2018/7/2,7,27,0,0,0,1,多云 ,雷阵雨,32,23,27.5,-4,东南风,<3级,东南风,3～4级,O|办公类,35,7,7,6,7.8,15.5,27.09090909,12
4|华北区,401|北京,BJACL,10101,2018/7/3,7,27,0,0,0,2,小雨 ,多云,32,24,28,0.5,东北风,1-2级,东北风,1-2级,O|办公类,35,7,7,6,7.8,15.5,27.09090909,116
4|华北区,401|北京,BJACL,10101,2018/7/4,7,27,0,0,0,3,多云 ,晴,36,25,30.5,2.5,西南风,<3级,南风,<3级,O|办公类,35,7,7,9,7.8,15.5,31.59090909,9
4|华北区,401|北京,BJACL,10101,2018/7/5,7,27,0,0,0,4,多云 ,雷阵雨,36,24,30,-0.5,东北风,1-2级,东北风,1-2级,O|办公类,35,7,7,7,7.8,70.25,31.81818182,55
4|华北区,401|北京,BJACL,10101,2018/7/6,7,27,0,0,0,5,多云 ,阴,34,23,28.5,-1.5,东南风,<3级,东南风,<3级,O|办公类,35,7,7,7,7.8,47.75,32,3
4|华北区,401|北京,BJACL,10101,2018/7/9,7,28,0,0,0,1,雷阵雨 ,阴,29,22,25.5,-3,东南风,<3级,东南风,<3级,O|办公类,30,6,6,4,7.75,47.75,31.81818182,23
4|华北区,401|北京,BJACL,10101,2018/7/10,7,28,0,0,0,2,阴 ,雷阵雨,30,27,28.5,3,东南风,<3级,南风,<3级,O|办公类,30,6,6,6,7.75,10.5,31.31818182,4
4|华北区,401|北京,BJACL,10101,2018/7/11,7,28,0,0,0,3,中雨 ,大雨,25,22,23.5,-5,东南风,<3级,北风,<3级,O|办公类,30,6,6,6,7.75,10.5,30.77272727,13
4|华北区,401|北京,BJACL,10101,2018/7/12,7,28,0,0,0,4,小雨 ,多云,27,22,24.5,1,西北风,<3级,北风,<3级,O|办公类,30,6,6,4,7.75,58.75,26.81818182,10
4|华北区,401|北京,BJACL,10101,2018/7/13,7,28,0,0,0,5,雷阵雨 ,雷阵雨,29,24,26.5,2,东南风,1-2级,东南风,1-2级,O|办公类,30,6,6,10,7.75,60.5,26.77272727,98
4|华北区,401|北京,BJACL,10101,2018/7/16,7,29,0,0,0,1,雷阵雨 ,雷阵雨,30,24,27,0.5,南风,<3级,东北风,<3级,O|办公类,33,6.6,7,7,7.25,60.5,30.45454545,12
4|华北区,401|北京,BJACL,10101,2018/7/17,7,29,0,0,0,2,大雨 ,雷阵雨,26,23,24.5,-2.5,东南风,1-2级,东南风,1-2级,O|办公类,33,6.6,7,5,7.25,24.25,29.95454545,23
4|华北区,401|北京,BJACL,10101,2018/7/18,7,29,0,0,0,3,多云 ,多云,32,25,28.5,4,南风,<3级,东风,<3级,O|办公类,33,6.6,7,6,7.25,24.25,27.45454545,9
4|华北区,401|北京,BJACL,10101,2018/7/19,7,29,0,0,0,4,雷阵雨 ,雷阵雨,29,26,27.5,-1,东南风,1-2级,东南风,1-2级,O|办公类,33,6.6,7,9,7.25,53,27.27272727,89
4|华北区,401|北京,BJACL,10101,2018/7/20,7,29,0,0,0,5,多云 ,多云,33,27,30,2.5,西南风,3～4级,南风,<3级,O|办公类,33,6.6,7,6,7.25,59.5,30,10
4|华北区,401|北京,BJACL,10101,2018/7/23,7,30,0,0,0,1,雷阵雨 ,中雨,32,25,28.5,-1.5,东风,<3级,东北风,3～4级,O|办公类,37,7.4,7,8,6.15,44.5,29.95454545,33
4|华北区,401|北京,BJACL,10101,2018/7/24,7,30,0,0,0,2,大雨 ,中雨,28,24,26,-2.5,北风,3-4级,北风,3-4级,O|办公类,37,7.4,7,10,6.15,14,26.86363636,5
4|华北区,401|北京,BJACL,10101,2018/7/25,7,30,0,0,0,3,多云 ,多云,34,25,29.5,3.5,北风,1-2级,北风,1-2级,O|办公类,37,7.4,7,6,6.15,16.25,26.81818182,41
4|华北区,401|北京,BJACL,10101,2018/7/26,7,30,0,0,0,4,多云 ,雷阵雨,34,25,29.5,0,东北风,<3级,东南风,<3级,O|办公类,37,7.4,7,6,6.15,44.5,27.18181818,7
4|华北区,401|北京,BJACL,10101,2018/7/27,7,30,0,0,0,5,多云 ,多云,32,23,27.5,-2,南风,1-2级,南风,1-2级,O|办公类,37,7.4,7,7,6.15,52.25,27.40909091,13
4|华北区,401|北京,BJACL,10101,2018/7/30,7,31,0,0,0,1,晴 ,晴,34,25,29.5,2,东南风,1-2级,东南风,1-2级,O|办公类,37,7.4,7,10,6.75,15.25,26.95454545,6
4|华北区,401|北京,BJACL,10101,2018/7/31,7,31,0,0,0,2,晴 ,晴,35,27,31,1.5,南风,<3级,南风,<3级,O|办公类,37,7.4,7,1,6.75,15.25,27.13636364,23
4|华北区,401|北京,BJACL,10101,2018/8/1,8,31,0,0,0,3,多云 ,雷阵雨,36,27,31.5,0.5,东南风,<3级,东南风,<3级,O|办公类,37,7.4,7,8,6.75,15.25,27.90909091,2
4|华北区,401|北京,BJACL,10101,2018/8/2,8,31,0,0,0,4,晴 ,晴,36,27,31.5,0,南风,1-2级,南风,1-2级,O|办公类,37,7.4,7,11,6.75,52.25,27.45454545,8
4|华北区,401|北京,BJACL,10101,2018/8/3,8,31,0,0,0,5,晴 ,晴,36,26,31,-0.5,南风,<3级,南风,<3级,O|办公类,37,7.4,7,7,6.75,60.5,22.54545455,4
4|华北区,401|北京,BJACL,10101,2018/8/6,8,32,0,0,0,1,多云 ,雷阵雨,30,20,25,-6,东风,<3级,东南风,<3级,O|办公类,29,5.8,6,7,6.85,24,22.31818182,47
4|华北区,401|北京,BJACL,10101,2018/8/7,8,32,0,0,0,2,雷阵雨 ,中雨,30,24,27,2,南风,1-2级,南风,1-2级,O|办公类,29,5.8,6,4,6.85,46.75,21.95454545,10
4|华北区,401|北京,BJACL,10101,2018/8/8,8,32,0,0,0,3,小雨 ,阴,30,24,27,0,东风,1-2级,东风,1-2级,O|办公类,29,5.8,6,5,6.85,10.75,22.27272727,20
4|华北区,401|北京,BJACL,10101,2018/8/9,8,32,0,0,0,4,多云 ,多云,30,24,27,0,西南风,<3级,南风,<3级,O|办公类,29,5.8,6,10,6.85,35,22.13636364,2
4|华北区,401|北京,BJACL,10101,2018/8/10,8,32,0,0,0,5,多云 ,雷阵雨,33,25,29,2,南风,<3级,东南风,<3级,O|办公类,29,5.8,6,3,6.85,66.25,22.04545455,33
4|华北区,401|北京,BJACL,10101,2018/8/13,8,33,0,0,0,1,雷阵雨 ,雷阵雨,30,24,27,-2,东北风,1-2级,东北风,1-2级,O|办公类,28,5.6,6,4,6.8,66.25,22.95454545,4
4|华北区,401|北京,BJACL,10101,2018/8/14,8,33,0,0,0,2,雷阵雨 ,小雨,29,24,26.5,-0.5,东风,1-2级,东风,1-2级,O|办公类,28,5.6,6,7,6.8,66.25,22.68181818,5
4|华北区,401|北京,BJACL,10101,2018/8/15,8,33,0,0,0,3,多云 ,多云,32,24,28,1.5,北风,3～4级,北风,<3级,O|办公类,28,5.6,6,4,6.8,12.25,18.45454545,9
4|华北区,401|北京,BJACL,10101,2018/8/16,8,33,0,0,0,4,晴 ,多云,31,21,26,-2,北风,1-2级,北风,1-2级,O|办公类,28,5.6,6,5,6.8,97.5,18.31818182,83
4|华北区,401|北京,BJACL,10101,2018/8/17,8,33,0,0,0,5,多云 ,雷阵雨,31,22,26.5,0.5,东南风,1-2级,东南风,1-2级,O|办公类,28,5.6,6,8,6.8,13,21.04545455,14
4|华北区,401|北京,BJACL,10101,2018/8/20,8,34,0,0,0,1,多云 ,晴,32,22,27,0.5,北风,<3级,北风,<3级,O|办公类,22,5.5,6,4,6.55,11,21.27272727,40
4|华北区,401|北京,BJACL,10101,2018/8/21,8,34,0,0,0,2,多云 ,多云,33,22,27.5,0.5,北风,1-2级,北风,1-2级,O|办公类,22,5.5,6,2,6.55,11,19.04545455,6
4|华北区,401|北京,BJACL,10101,2018/8/22,8,34,0,0,0,3,雷阵雨 ,多云,29,20,24.5,-3,西南风,1-2级,西南风,1-2级,O|办公类,22,5.5,6,0,6.55,11,18.86363636,33
4|华北区,401|北京,BJACL,10101,2018/8/23,8,34,0,0,0,4,晴 ,晴,31,21,26,1.5,北风,1-2级,北风,1-2级,O|办公类,22,5.5,6,7,6.55,55,18.86363636,6
4|华北区,401|北京,BJACL,10101,2018/8/24,8,34,0,0,0,5,多云 ,晴,32,20,26,0,北风,1-2级,北风,1-2级,O|办公类,22,5.5,6,9,6.55,12,18.90909091,17
4|华北区,401|北京,BJACL,10101,2018/8/27,8,35,0,0,0,1,阴 ,雷阵雨,30,22,26,0,东南风,1-2级,东南风,1-2级,O|办公类,20,4,4,6,6.075,64,17.81818182,28
4|华北区,401|北京,BJACL,10101,2018/8/28,8,35,0,0,0,2,多云 ,晴,30,22,26,0,北风,1-2级,北风,1-2级,O|办公类,20,4,4,4,6.075,64,18.77272727,279
4|华北区,401|北京,BJACL,10101,2018/8/29,8,35,0,0,0,3,晴 ,晴,32,20,26,0,北风,1-2级,北风,1-2级,O|办公类,20,4,4,3,6.075,64,30.86363636,24
4|华北区,401|北京,BJACL,10101,2018/8/30,8,35,0,0,0,4,小雨 ,多云,28,20,24,-2,西南风,1-2级,西南风,1-2级,O|办公类,20,4,4,4,6.075,46.5,31.68181818,51
4|华北区,401|北京,BJACL,10101,2018/8/31,8,35,0,0,0,5,多云 ,阴,29,19,24,0,西南风,1-2级,西南风,1-2级,O|办公类,20,4,4,3,6.075,55,32.95454545,9
4|华北区,401|北京,BJACL,10101,2018/9/3,9,36,0,0,0,1,晴 ,晴,32,19,25.5,1.5,西北风,4-5级,西北风,4-5级,O|办公类,20,4,4,2,5.225,47.25,33.27272727,51
4|华北区,401|北京,BJACL,10101,2018/9/4,9,36,0,0,0,2,晴 ,晴,30,18,24,-1.5,西南风,3-4级,西南风,3-4级,O|办公类,20,4,4,7,5.225,64,35.22727273,3
4|华北区,401|北京,BJACL,10101,2018/9/5,9,36,0,0,0,3,晴 ,多云,31,20,25.5,1.5,西南风,3-4级,西南风,3-4级,O|办公类,20,4,4,4,5.225,56.25,35.18181818,29
4|华北区,401|北京,BJACL,10101,2018/9/6,9,36,0,0,0,4,晴 ,晴,27,18,22.5,-3,西北风,4-5级,西北风,4-5级,O|办公类,20,4,4,4,5.225,24.66666667,34.36363636,3
4|华北区,401|北京,BJACL,10101,2018/9/7,9,36,0,0,0,5,晴 ,晴,27,16,21.5,-1,西北风,3-4级,西北风,3-4级,O|办公类,20,4,4,3,5.225,64.25,34.04545455,32
4|华北区,401|北京,BJACL,10101,2018/9/10,9,37,0,0,0,1,多云 ,多云,28,19,23.5,2,南风,1-2级,南风,1-2级,O|办公类,34,6.8,7,6,4.775,11.25,34.59090909,2
4|华北区,401|北京,BJACL,10101,2018/9/11,9,37,0,0,0,2,多云 ,多云,26,19,22.5,-1,南风,1-2级,南风,1-2级,O|办公类,34,6.8,7,5,4.775,17,34.59090909,12
4|华北区,401|北京,BJACL,10101,2018/9/12,9,37,0,0,0,3,多云 ,多云,29,18,23.5,1,南风,1-2级,南风,1-2级,O|办公类,34,6.8,7,5,4.775,31.5,33.63636364,2
4|华北区,401|北京,BJACL,10101,2018/9/13,9,37,0,0,0,4,多云 ,多云,29,20,24.5,1,南风,1-2级,南风,1-2级,O|办公类,34,6.8,7,12,4.775,38.25,33.54545455,26
4|华北区,401|北京,BJACL,10101,2018/9/14,9,37,0,0,0,5,多云 ,多云,28,19,23.5,-1,西南风,1-2级,西南风,1-2级,O|办公类,34,6.8,7,6,4.775,29.33333333,34.5,3
4|华北区,401|北京,BJACL,10101,2018/9/17,9,38,0,0,0,1,多云 ,多云,27,16,21.5,-2,南风,1-2级,南风,1-2级,O|办公类,32,6.4,6,6,5.075,29,34.22727273,15
4|华北区,401|北京,BJACL,10101,2018/9/18,9,38,0,0,0,2,阴 ,多云,25,17,21,-0.5,西南风,1-2级,西南风,1-2级,O|办公类,32,6.4,6,5,5.075,29,31.13636364,8
4|华北区,401|北京,BJACL,10101,2018/9/19,9,38,0,0,0,3,多云 ,多云,25,17,21,0,南风,1-2级,南风,1-2级,O|办公类,32,6.4,6,5,5.075,11.5,30.86363636,53
4|华北区,401|北京,BJACL,10101,2018/9/20,9,38,0,0,0,4,多云 ,多云,27,16,21.5,0.5,南风,1-2级,南风,1-2级,O|办公类,32,6.4,6,4,5.075,36.5,31.45454545,3
4|华北区,401|北京,BJACL,10101,2018/9/21,9,38,0,0,0,5,晴 ,晴,25,14,19.5,-2,西北风,4-5级,西北风,4-5级,O|办公类,32,6.4,6,12,5.075,40.75,31.31818182,18
4|华北区,401|北京,BJACL,10101,2018/9/25,9,39,0,0,0,2,晴 ,多云,24,12,18,-1.5,南风,1-2级,南风,1-2级,O|办公类,36,7.2,7,8,5.3,22.5,30.63636364,13
4|华北区,401|北京,BJACL,10101,2018/9/26,9,39,0,0,0,3,多云 ,多云,24,14,19,1,南风,1-2级,南风,1-2级,O|办公类,36,7.2,7,5,5.3,25.75,30.95454545,106
4|华北区,401|北京,BJACL,10101,2018/9/27,9,39,0,0,0,4,小雨 ,小雨,22,12,17,-2,南风,1-2级,南风,1-2级,O|办公类,36,7.2,7,3,5.3,25.5,35,12
4|华北区,401|北京,BJACL,10101,2018/9/28,9,39,0,0,0,5,多云 ,多云,24,11,17.5,0.5,南风,3-4级,南风,3-4级,O|办公类,36,7.2,7,10,5.3,22.75,34.27272727,53
4|华北区,401|北京,BJACL,10101,2018/9/29,9,39,0,0,0,6,晴 ,晴,21,10,15.5,-2,北风,3-4级,北风,3-4级,O|办公类,36,7.2,7,0,5.3,31,24,0
4|华北区,401|北京,BJACL,10101,2018/9/30,9,39,0,0,0,7,多云 ,多云,19,13,16,0.5,西北风,4-5级,西北风,4-5级,O|办公类,36,7.2,7,0,5.3,28.5,22.90909091,29
4|华北区,401|北京,BJACL,10101,2018/10/8,10,41,0,0,0,1,多云 ,多云,21,9,15,-1,东北风,1-2级,东北风,1-2级,O|办公类,0,0,0,0,6.641666667,48,21.90909091,7
4|华北区,401|北京,BJACL,10101,2018/10/9,10,41,0,0,0,2,晴 ,晴,16,3,9.5,-5.5,西北风,4-5级,西北风,4-5级,O|办公类,0,0,0,0,6.641666667,34.25,21.81818182,20
4|华北区,401|北京,BJACL,10101,2018/10/10,10,41,0,0,0,3,多云 ,晴,17,4,10.5,1,东北风,1-2级,东北风,1-2级,O|办公类,0,0,0,0,6.641666667,46.5,20.40909091,7
4|华北区,401|北京,BJACL,10101,2018/10/11,10,41,0,0,0,4,晴 ,多云,18,5,11.5,1,西南风,1-2级,西南风,1-2级,O|办公类,0,0,0,0,6.641666667,29.75,20.59090909,109
4|华北区,401|北京,BJACL,10101,2018/10/12,10,41,0,0,0,5,多云 ,多云,20,8,14,2.5,西南风,1-2级,西南风,1-2级,O|办公类,0,0,0,0,6.641666667,25.5,24.22727273,5
4|华北区,401|北京,BJACL,10101,2018/10/15,10,42,0,0,0,1,小雨 ,小雨,17,11,14,0,北风,1-2级,北风,1-2级,O|办公类,26,5.2,5,2,6.588888889,22.5,24.31818182,37
4|华北区,401|北京,BJACL,10101,2018/10/16,10,42,0,0,0,2,多云 ,晴,17,7,12,-2,北风,1-2级,北风,1-2级,O|办公类,26,5.2,5,3,6.588888889,21,24.54545455,2
4|华北区,401|北京,BJACL,10101,2018/10/17,10,42,0,0,0,3,晴 ,晴,18,5,11.5,-0.5,北风,1-2级,北风,1-2级,O|办公类,26,5.2,5,7,6.588888889,30.25,24.54545455,35
4|华北区,401|北京,BJACL,10101,2018/10/18,10,42,0,0,0,4,晴 ,晴,18,5,11.5,0,南风,1-2级,南风,1-2级,O|办公类,26,5.2,5,7,6.588888889,38,25.59090909,4
4|华北区,401|北京,BJACL,10101,2018/10/19,10,42,0,0,0,5,晴 ,多云,19,5,12,0.5,南风,1-2级,南风,1-2级,O|办公类,26,5.2,5,7,6.588888889,51.5,25.68181818,22
4|华北区,401|北京,BJACL,10101,2018/10/22,10,43,0,0,0,1,多云 ,晴,19,5,12,0,西北风,1-2级,西北风,1-2级,O|办公类,33,6.6,7,6,6.188888889,62,25.5,3
4|华北区,401|北京,BJACL,10101,2018/10/23,10,43,0,0,0,2,晴 ,晴,19,4,11.5,-0.5,西南风,1-2级,西南风,1-2级,O|办公类,33,6.6,7,5,6.188888889,13,25.5,28
4|华北区,401|北京,BJACL,10101,2018/10/24,10,43,0,0,0,3,晴 ,多云,21,6,13.5,2,南风,1-2级,南风,1-2级,O|办公类,33,6.6,7,5,6.188888889,18.75,26.09090909,2
4|华北区,401|北京,BJACL,10101,2018/10/25,10,43,0,0,0,4,多云 ,晴,16,8,12,-1.5,西风,1-2级,西风,1-2级,O|办公类,33,6.6,7,4,6.188888889,24,25.81818182,7
4|华北区,401|北京,BJACL,10101,2018/10/26,10,43,0,0,0,5,晴 ,晴,14,3,8.5,-3.5,西北风,4-5级,西北风,4-5级,O|办公类,33,6.6,7,13,6.188888889,3.666666667,23.72727273,5
4|华北区,401|北京,BJACL,10101,2018/10/29,10,44,0,0,0,1,晴 ,晴,15,3,9,0.5,西北风,3-4级,西北风,3-4级,O|办公类,40,8,8,5,5.988888889,45,23.81818182,39
4|华北区,401|北京,BJACL,10101,2018/10/30,10,44,0,0,0,2,晴 ,晴,16,1,8.5,-0.5,北风,1-2级,北风,1-2级,O|办公类,40,8,8,7,5.988888889,44.5,24.77272727,3
4|华北区,401|北京,BJACL,10101,2018/10/31,10,44,0,0,0,3,晴 ,晴,17,3,10,1.5,西南风,1-2级,西南风,1-2级,O|办公类,40,8,8,13,5.988888889,42.5,24.31818182,10
4|华北区,401|北京,BJACL,10101,2018/11/1,11,44,0,0,0,4,晴 ,晴,17,3,10,0,南风,1-2级,南风,1-2级,O|办公类,40,8,8,6,5.988888889,41.5,19.95454545,12
4|华北区,401|北京,BJACL,10101,2018/11/2,11,44,0,0,0,5,晴 ,晴,15,4,9.5,-0.5,南风,1-2级,南风,1-2级,O|办公类,40,8,8,9,5.988888889,62,19.95454545,101
4|华北区,401|北京,BJACL,10101,2018/11/5,11,45,0,0,0,1,多云 ,多云,10,2,6,-3.5,东北风,1-2级,东北风,1-2级,O|办公类,31,6.2,6,8,6.6,55.5,22.13636364,15
4|华北区,401|北京,BJACL,10101,2018/11/6,11,45,0,0,0,2,多云 ,多云,12,0,6,0,东北风,1-2级,东北风,1-2级,O|办公类,31,6.2,6,7,6.6,48.25,22.81818182,45
4|华北区,401|北京,BJACL,10101,2018/11/7,11,45,0,0,0,3,多云 ,多云,12,2,7,1,南风,1-2级,南风,1-2级,O|办公类,31,6.2,6,6,6.6,14.5,23.54545455,1
4|华北区,401|北京,BJACL,10101,2018/11/8,11,45,0,0,0,4,晴 ,晴,14,2,8,1,西南风,1-2级,西南风,1-2级,O|办公类,31,6.2,6,5,6.6,43.75,23.27272727,59
4|华北区,401|北京,BJACL,10101,2018/11/9,11,45,0,0,0,5,晴 ,多云,16,1,8.5,0.5,西北风,3-4级,西北风,3-4级,O|办公类,31,6.2,6,5,6.6,29,25.04545455,12
4|华北区,401|北京,BJACL,10101,2018/11/12,11,46,0,0,0,1,晴 ,晴,14,2,8,-0.5,西南风,1-2级,西南风,1-2级,O|办公类,34,6.8,7,11,6.5,12.75,25.27272727,25
4|华北区,401|北京,BJACL,10101,2018/11/13,11,46,0,0,0,2,多云 ,多云,13,5,9,1,东南风,1-2级,东南风,1-2级,O|办公类,34,6.8,7,5,6.5,19.5,21.45454545,9
4|华北区,401|北京,BJACL,10101,2018/11/14,11,46,0,0,0,3,雾 ,多云,11,5,8,-1,南风,1-2级,南风,1-2级,O|办公类,34,6.8,7,6,6.5,45.25,21.63636364,91
4|华北区,401|北京,BJACL,10101,2018/11/15,11,46,0,0,0,4,阴 ,多云,10,1,5.5,-2.5,北风,3-4级,北风,3-4级,O|办公类,34,6.8,7,7,6.5,39.25,24.09090909,4
4|华北区,401|北京,BJACL,10101,2018/11/16,11,46,0,0,0,5,晴 ,多云,8,-2,3,-2.5,北风,1-2级,北风,1-2级,O|办公类,34,6.8,7,5,6.5,71.5,24.18181818,26
4|华北区,401|北京,BJACL,10101,2018/11/19,11,47,0,0,0,1,晴 ,多云,10,-2,4,1,西南风,1-2级,西南风,1-2级,O|办公类,41,8.2,8,8,6.9,21.25,23.77272727,1
4|华北区,401|北京,BJACL,10101,2018/11/20,11,47,0,0,0,2,多云 ,多云,10,-1,4.5,0.5,东北风,3-4级,东北风,3-4级,O|办公类,41,8.2,8,11,6.9,97.25,23.63636364,24
4|华北区,401|北京,BJACL,10101,2018/11/21,11,47,0,0,0,3,晴 ,晴,9,-3,3,-1.5,西北风,3-4级,西北风,3-4级,O|办公类,41,8.2,8,7,6.9,36,23.72727273,5
4|华北区,401|北京,BJACL,10101,2018/11/22,11,47,0,0,0,4,晴 ,多云,8,-3,2.5,-0.5,南风,1-2级,南风,1-2级,O|办公类,41,8.2,8,10,6.9,23,23.81818182,11
4|华北区,401|北京,BJACL,10101,2018/11/23,11,47,0,0,0,5,多云 ,多云,7,0,3.5,1,东北风,1-2级,东北风,1-2级,O|办公类,41,8.2,8,5,6.9,10.75,23.04545455,4
4|华北区,401|北京,BJACL,10101,2018/11/26,11,48,0,0,0,1,浮尘 ,多云,10,0,5,1.5,西南风,1-2级,西南风,1-2级,O|办公类,33,6.6,7,3,7.3,25,23.13636364,54
4|华北区,401|北京,BJACL,10101,2018/11/27,11,48,0,0,0,2,晴 ,多云,9,-3,3,-2,北风,3-4级,北风,3-4级,O|办公类,33,6.6,7,10,7.3,44.25,25.27272727,3
4|华北区,401|北京,BJACL,10101,2018/11/28,11,48,0,0,0,3,晴 ,晴,8,-3,2.5,-0.5,北风,1-2级,北风,1-2级,O|办公类,33,6.6,7,5,7.3,32.5,25.18181818,17
4|华北区,401|北京,BJACL,10101,2018/11/29,11,48,0,0,0,4,晴 ,晴,7,-4,1.5,-1,南风,1-2级,南风,1-2级,O|办公类,33,6.6,7,9,7.3,20.25,24.18181818,6
4|华北区,401|北京,BJACL,10101,2018/11/30,11,48,0,0,0,5,晴 ,晴,8,-3,2.5,1,西南风,1-2级,西南风,1-2级,O|办公类,33,6.6,7,6,7.3,70.25,24.31818182,72
4|华北区,401|北京,BJACL,10101,2018/12/3,12,49,0,0,0,1,多云 ,多云,8,-3,2.5,0,北风,3-4级,北风,3-4级,O|办公类,23,4.6,5,6,6.95,20.75,27.13636364,3
4|华北区,401|北京,BJACL,10101,2018/12/4,12,49,0,0,0,2,晴 ,多云,4,-6,-1,-3.5,西北风,3-4级,西北风,3-4级,O|办公类,23,4.6,5,4,6.95,58.25,26.72727273,22
4|华北区,401|北京,BJACL,10101,2018/12/5,12,49,0,0,0,3,阴 ,多云,0,-4,-2,-1,南风,1-2级,南风,1-2级,O|办公类,23,4.6,5,2,6.95,30.5,23.13636364,14
4|华北区,401|北京,BJACL,10101,2018/12/6,12,49,0,0,0,4,晴 ,晴,-2,-9,-5.5,-3.5,西北风,4-5级,西北风,4-5级,O|办公类,23,4.6,5,7,6.95,60.75,23.09090909,46
4|华北区,401|北京,BJACL,10101,2018/12/7,12,49,0,0,0,5,晴 ,晴,-5,-10,-7.5,-2,西北风,4-5级,西北风,4-5级,O|办公类,23,4.6,5,4,6.95,74.25,23.13636364,6
4|华北区,401|北京,BJACL,10101,2018/12/10,12,50,0,0,0,1,多云 ,多云,0,-7,-3.5,4,东南风,1-2级,东南风,1-2级,O|办公类,47,9.4,9,5,6.55,16,23.36363636,31
4|华北区,401|北京,BJACL,10101,2018/12/11,12,50,0,0,0,2,晴 ,晴,-1,-10,-5.5,-2,西北风,4-5级,西北风,4-5级,O|办公类,47,9.4,9,11,6.55,27.75,22.09090909,8
4|华北区,401|北京,BJACL,10101,2018/12/12,12,50,0,0,0,3,晴 ,晴,1,-8,-3.5,2,西南风,1-2级,西南风,1-2级,O|办公类,47,9.4,9,13,6.55,33.5,21.90909091,43
4|华北区,401|北京,BJACL,10101,2018/12/13,12,50,0,0,0,4,晴 ,晴,3,-7,-2,1.5,北风,3-4级,北风,3-4级,O|办公类,47,9.4,9,11,6.55,31.75,22.72727273,4
4|华北区,401|北京,BJACL,10101,2018/12/14,12,50,0,0,0,5,晴 ,多云,4,-6,-1,1,南风,1-2级,南风,1-2级,O|办公类,47,9.4,9,7,6.55,42,22.5,32
4|华北区,401|北京,BJACL,10101,2018/12/17,12,51,0,0,0,1,晴 ,晴,8,-5,1.5,2.5,西南风,1-2级,西南风,1-2级,O|办公类,27,5.4,5,6,7.2,80,19.81818182,2
4|华北区,401|北京,BJACL,10101,2018/12/18,12,51,0,0,0,2,晴 ,晴,9,-4,2.5,1,北风,1-2级,北风,1-2级,O|办公类,27,5.4,5,8,7.2,39.75,19.72727273,33
4|华北区,401|北京,BJACL,10101,2018/12/19,12,51,0,0,0,3,晴 ,多云,8,-5,1.5,-1,北风,1-2级,北风,1-2级,O|办公类,27,5.4,5,4,7.2,26.66666667,20.04545455,8
4|华北区,401|北京,BJACL,10101,2018/12/20,12,51,0,0,0,4,多云 ,霾,6,-4,1,-0.5,东南风,1-2级,东南风,1-2级,O|办公类,27,5.4,5,3,7.2,16.75,20.36363636,14
4|华北区,401|北京,BJACL,10101,2018/12/21,12,51,0,0,0,5,多云 ,多云,9,-2,3.5,2.5,西南风,1-2级,西南风,1-2级,O|办公类,27,5.4,5,6,7.2,35.5,19.90909091,14
4|华北区,401|北京,BJACL,10101,2018/12/24,12,52,0,0,0,1,晴 ,晴,2,-8,-3,-6.5,西南风,1-2级,西南风,1-2级,O|办公类,22,4.4,4,6,6.5,38,20.31818182,68
4|华北区,401|北京,BJACL,10101,2018/12/25,12,52,0,0,0,2,晴 ,晴,3,-9,-3,0,北风,3-4级,北风,3-4级,O|办公类,22,4.4,4,2,6.5,60.5,22.90909091,2
4|华北区,401|北京,BJACL,10101,2018/12/26,12,52,0,0,0,3,晴 ,多云,-2,-11,-6.5,-3.5,东风,1-2级,东风,1-2级,O|办公类,22,4.4,4,6,6.5,60.25,22.81818182,18
4|华北区,401|北京,BJACL,10101,2018/12/27,12,52,0,0,0,4,多云 ,晴,-6,-12,-9,-2.5,北风,4-5级,北风,4-5级,O|办公类,22,4.4,4,6,6.5,101,21.18181818,1
4|华北区,401|北京,BJACL,10101,2018/12/28,12,52,0,0,0,5,晴 ,晴,-4,-11,-7.5,1.5,西北风,3-4级,西北风,3-4级,O|办公类,22,4.4,4,2,6.5,20.66666667,21.09090909,47
4|华北区,401|北京,BJACL,10101,2018/12/29,12,52,0,0,0,6,晴 ,晴,-3,-12,-7.5,0,北风,1-2级,北风,1-2级,O|办公类,22,4.4,4,0,6.5,43,22.45454545,0
